,source_id,source_name,author,title,description,url,urlToImage,publishedAt,content
0,abc-news,ABC News,The Associated Press,At least 60 killed in Saudi-led airstrikes in Yemen,"Get breaking national and world news, broadcast video coverage, and exclusive interviews. Find the top news online at ABC news.",https://abcnews.go.com/International/wireStory/yemeni-officials-saudi-led-airstrikes-kill-dozens-prison-65322573,https://s.abcnews.com/images/International/WireAP_c206fb411f5b42aca0fe817937e767d3_16x9_992.jpg,2019-09-01T12:36:18Z,"The Saudi-led coalition fighting Yemen's rebels attacked a detention center in the southwestern province of Dhamar with several airstrikes Sunday, killing at least 60 people and wounding several dozen, officials and the rebels' health ministry said.
The atta… [+5654 chars]"
1,abc-news,ABC News,Jon Haworth,Pope rescued by firefighters after being stuck in an elevator,Pope Francis arrived 7 minutes late for his traditional noon appointment Saint Peter’s Square in Vatican City on Sunday because he was stuck in an elevator.,https://abcnews.go.com/International/pope-rescued-firefighters-stuck-elevator-25-minutes/story?id=65324078,https://s.abcnews.com/images/International/pope-main2-190901_hpMain_20190901-064324_16x9_992.jpg,2019-09-01T11:41:00Z,"Pope Francis arrived 7 minutes late for his traditional noon appointment with the public in Saint Peters Square in Vatican City on Sunday because he was stuck in an elevator for 25 minutes, according to the Associated Press.
Interested in Pope Francis?
Add … [+828 chars]"
2,abc-news,ABC News,The Associated Press,"Latest US, Chinese tariff hikes take effect in trade war","Get breaking national and world news, broadcast video coverage, and exclusive interviews. Find the top news online at ABC news.",https://abcnews.go.com/Politics/wireStory/trumps-15-tariffs-112b-chinese-goods-effect-65321654,https://s.abcnews.com/images/Politics/WireAP_429d7e6d7d9d440198e07fbb4397070d_16x9_992.jpg,2019-09-01T10:20:53Z,"The United States and China went ahead with their latest tariff increases on each other's goods Sunday, potentially raising prices Americans pay for some clothes, shoes, sporting goods and other consumer items in advance of the holiday shopping season.
Inter… [+4341 chars]"
3,abc-news,ABC News,The Associated Press,2 dozen injured in barricade collapse at Seattle music fest,"Get breaking national and world news, broadcast video coverage, and exclusive interviews. Find the top news online at ABC news.",https://abcnews.go.com/Lifestyle/wireStory/dozen-injured-barricade-collapse-seattle-music-fest-65322571,,2019-09-01T07:53:39Z,"Officials say more than two dozen people were injured when a stage barricade collapsed during a performance at a Seattle music festival, although no one was seriously hurt.
Seattle Fire Department spokesman David Cuerpo told news outlets that around 25 peopl… [+552 chars]"
4,abc-news,ABC News,The Associated Press,"Magnitude 5.0 earthquake hits Alaska, felt in capital city","Get breaking national and world news, broadcast video coverage, and exclusive interviews. Find the top news online at ABC news.",https://abcnews.go.com/US/wireStory/magnitude-50-earthquake-hits-alaska-felt-capital-city-65322054,,2019-09-01T05:17:45Z,"The Alaska Earthquake Center reports that a magnitude 5.0 earthquake hit southern Alaska. It was felt by people in the state's capital. Juneau.
Interested in Earthquakes?
Add Earthquakes as an interest to stay up to date on the latest Earthquakes news, vide… [+647 chars]"
5,abc-news,ABC News,The Associated Press,Trucker pleads guilty to California crash that killed 13,"Get breaking national and world news, broadcast video coverage, and exclusive interviews. Find the top news online at ABC news.",https://abcnews.go.com/US/wireStory/trucker-pleads-guilty-california-crash-killed-13-65320848,https://s.abcnews.com/images/US/WireAP_3604e1e5969842f1ab2f2500877dd7ba_16x9_992.jpg,2019-09-01T03:30:04Z,"A trucker who fell asleep behind the wheel was sentenced to four years in state prison after he pleaded guilty to causing a tour bus crash on a Southern California freeway that killed 13 people in 2016, officials said.
Bruce Guilford of Covington, Georgia, f… [+1238 chars]"
6,abc-news,ABC News,The Associated Press,3 officers injured in California melee; 2 suspects arrested,"Get breaking national and world news, broadcast video coverage, and exclusive interviews. Find the top news online at ABC news.",https://abcnews.go.com/US/wireStory/officers-injured-california-melee-suspects-arrested-65319409,,2019-09-01T01:23:00Z,"Three San Jose police officers were injured in a melee downtown as a large crowd approached them as they issued citations for drinking alcohol.
KPIX-TV reports Saturday that the large crowd ""aggressively interfered"" with the officers shortly before 2 a.m. On… [+854 chars]"
7,abc-news,ABC News,The Associated Press,"1 dead, 8 sick in hazmat incident at San Jose hotel","Get breaking national and world news, broadcast video coverage, and exclusive interviews. Find the top news online at ABC news.",https://abcnews.go.com/US/wireStory/dead-injured-hazmat-incident-san-jose-hotel-65317137,https://s.abcnews.com/images/US/WireAP_ac393429b353446cbd456c6d2595b13b_16x9_992.jpg,2019-08-31T22:36:00Z,"Authorities say one woman has died and eight people have been sickened in a hazmat incident Saturday at a Northern California hotel.
KTVU reports Saturday that guests of the Fairmont Hotel in San Jose reported smelling a chemical odor similar to a rotten egg… [+968 chars]"
8,abc-news,ABC News,Emily Shapiro,"Couple, 5-year-old daughter dead in apparent murder-suicide in Houston","A husband, wife and their 5-year-old daughter were found dead in an apparent murder-suicide in Houston, leaving their family ""traumatized.""",https://abcnews.go.com/US/couple-year-daughter-dead-apparent-murder-suicide-houston/story?id=65312253,https://s.abcnews.com/images/US/police-01-as-gty-190813_hpMain_16x9_992.jpg,2019-08-31T16:47:32Z,"A husband and wife, as well as their 5-year-old daughter, were found dead in an apparent murder-suicide in Houston, leaving their family ""traumatized,"" according to local authorities.
The bodies of the 36-year-old man, 37-year-old woman and little girl were … [+763 chars]"
9,abc-news,ABC News,Sarah Varney | Kaiser Health News,Opioid makers facing US lawsuits eye new market in India,"Opioid makers, facing lawsuits in the United States, are eyeing a new market in India.",https://abcnews.go.com/Health/facing-us-lawsuits-opioid-makers-eye-market-india/story?id=65289963,https://s.abcnews.com/images/Health/india1-ht-ml-190830_hpMain_16x9_992.jpg,2019-08-31T15:44:30Z,"This is a Kaiser Health News story.
Interested in India?
Add India as an interest to stay up to date on the latest India news, video, and analysis from ABC News.
In the crowded waiting room of Dr. Sunil Sagars clinic, in the working-class neighborhood of B… [+14705 chars]"
0,al-jazeera-english,Al Jazeera English,,National Register of Citizens: Indians or not Indians?,,http://www.aljazeera.com/programmes/insidestory/2019/09/national-register-citizens-indians-indians-190901180802959.html,,2019-09-01T18:52:05.4849729Z,
1,al-jazeera-english,Al Jazeera English,Al Jazeera,Bahamas brace for impact as Hurricane Dorian closes in,"Fears of widespread, catastrophic damage as powerful Dorian turns into category 5 storm.",http://www.aljazeera.com/news/2019/09/bahamas-brace-impact-hurricane-dorian-closes-190901085244814.html,https://www.aljazeera.com/mritems/Images/2019/9/1/a21730339f1e47f0a05132f001625d32_18.jpg,2019-09-01T09:50:00Z,"Hurricane Dorian has intensified to a category 5 storm capable of inflicting catastrophic levels of destruction as it bears down on an island chain in the northern Bahamas, according to weather officials. 
The storm is expected to stall over the islands late… [+4617 chars]"
2,al-jazeera-english,Al Jazeera English,Al Jazeera,"Houthis: Saudi-led coalition bombs Yemen prison, kills dozens",Houthi officials accuse Saudi-UAE-coalition of carrying out air raids that hit detention centre in Dhamar.,http://www.aljazeera.com/news/2019/09/houthis-saudi-led-coalition-bombs-yemen-prison-kills-dozens-190901075603392.html,https://www.aljazeera.com/mritems/Images/2019/9/1/c6a514f18c7d4b15a8ad7869f719f302_18.jpg,2019-09-01T08:57:00Z,"Dozens of people have been killed when a Saudi-UAE-led military coalition battling the Houthi rebel movement bombed a prison in western Yemen, according to the rebels.
Yusuf al-Hadri, a spokesman for the Houthis' ministry of health, said at least 60 people w… [+3354 chars]"
0,business-insider,Business Insider,Christopher Woody,U-2 spy planes have lurked all over the world for 64 years — here's how the Dragon Lady keeps an eye on the battlefield,"The U-2's first flight came as an accident in 1955, but over the 64 years since, the Dragon Lady has been an unrivaled source for intelligence.",https://www.businessinsider.com/u2-spy-plane-camera-radars-gather-intelligence-over-battlefield-2019-9,https://amp.businessinsider.com/images/5d6448132e22af21dc3fe7c3-2732-1366.jpg,2019-09-01T00:00:00Z,"The 64th anniversary of the U-2 spy plane's historic, and accidental, first flight came in early August. 
 While much about the Dragon Lady has changed in the past six decades — most of the 30 or so in use now were built in the 1980s, and they no longer do o… [+9614 chars]"
1,business-insider,Business Insider,Benjamin Goggin,Video appears to show Trump golfing in Virginia in the run-up to catastrophic Hurricane Dorian,Trump traveled to Camp David over the weekend. Pool reports said Trump made a stop at his golf course and video appears to show him on the green.,https://www.businessinsider.com/trump-golfing-video-before-hurricane-dorian-arrives-in-us-2019-9,https://amp.businessinsider.com/images/5d6bf51d2e22af6cb54230c5-1920-960.jpg,2019-09-01T00:00:00Z,"President Donald Trump appeared to be playing golf Saturday, just days before states on the southeast coast were set to be battered by Category 5 Hurricane Dorian, which the National Hurrican Center has called catastrophic. 
 Official communications from the… [+2176 chars]"
2,business-insider,Business Insider,Kat Tenbarge,Tiffany Trump posted a quote from an ancient Persian poet after the president's former assistant told reporters her father didn't want to take pictures with her,Tiffany Trump posted a Rumi quote about self-love in the wake of reports that her father doesn't like to take pictures with her because of her weight.,https://www.businessinsider.com/tiffany-trump-shady-instagram-story-madeleine-westerhout-father-pictures-weight-2019-9,https://amp.businessinsider.com/images/5d6bf7612e22af6a2d0a0447-1920-960.jpg,2019-09-01T00:00:00Z,"Tiffany Trump, the president's youngest, quietest daughter, posted an empowering quote on her Instagram story on Saturday for her 1 million followers to see. In the context of the latest scandal from her father's White House administration, it comes off as a … [+2278 chars]"
3,business-insider,Business Insider,Kat Tenbarge,Trump dug at progressive actress Debra Messing between tweets on the Odessa shooting and Hurricane Dorian,"Actress Debra Messing has been critical of Trump, tweeting about exposing actors who support him and endorsing a church sign that called him racist.",https://www.businessinsider.com/trump-tweet-debra-messing-the-apprentice-sir-nbc-failed-lineup-2019-9,https://amp.businessinsider.com/images/5d6bdde32e22af61195f65b4-2560-1280.jpg,2019-09-01T00:00:00Z,"President Donald Trump shared an anecdote about ""Will &amp; Grace"" star Debra Messing on Twitter that he used to illustrate how ""times have changed"" for him and the actress, who is vocally anti-Trump. 
 On Saturday, Messing posted two tweets that ""Fox &amp; … [+1997 chars]"
4,business-insider,Business Insider,"Ellen Cranley, INSIDER","Photos and videos show Hurricane Dorian pummeling the Bahamas with rain, wind, and massive flooding","The National Hurricane Center warned residents of ""heavy rainfall,"" ""hurricane-force winds,"" and a ""life-threatening storm surge.""",https://www.businessinsider.com/hurricane-dorian-hit-the-bahamas-photos-videos-2019-9,https://static.businessinsider.com/image/5d6bddd3f4fc247183774fa8-750.jpg,2019-09-01T00:00:00Z,"Hurricane Dorian strengthened to a Category 5 storm Sunday morning as it was about to slam into the Bahamas with heavy rain, wind, and an unclear landfall path. 
 The National Hurricane Center (NHC) issued a hurricane warning early Saturday for the northwest… [+1821 chars]"
5,business-insider,Business Insider,Dan DeFrancesco,"Hong Kong protesters barricaded roads and disrupted trains to and from the airport, forcing travelers to walk",It was the second time the pro-democracy group has targeted the Hong Kong International Airport since the rallys began in June.,https://www.businessinsider.com/hong-kong-protesters-disrupted-routes-to-and-from-airport-2019-9,https://amp.businessinsider.com/images/5d6bdaab2e22af45c8783932-2732-1366.jpg,2019-09-01T00:00:00Z,"Hong Kong pro-democracy protesters barricaded roads and disrupted trains servicing Hong Kong International Airport, marking the second time the group has targeted the transportation hub. 
 Protesters blocked roads to and from the highway and threw debris on … [+1519 chars]"
6,business-insider,Business Insider,Ellen Cranley,Texas' new bundle of relaxed gun laws took effect one day after 7 were killed in mass shooting,"The laws allow gun owners in the state to carry firearms and store ammunition in public places, including churches, public schools, and foster homes.",https://www.businessinsider.com/texas-gun-laws-after-shooting-new-relaxed-2019-9,https://amp.businessinsider.com/images/5d6be3942e22af00ad14c1c2-1920-960.jpg,2019-09-01T00:00:00Z,"Several new laws will take effect in Texas that would ease restrictions for gun owners just a day after seven people were killed and 21 were shot after a suspect opened fire on authorities during a traffic stop. 
 The nine new laws automatically took effect … [+4426 chars]"
7,business-insider,Business Insider,Dave Smith,"Here's what Disney Plus, the company's $7-a-month answer to Netflix, looks like when you open it for the first time","Disney Plus launches on November 12, for just $7 a month. If you're familiar with Netflix, you should have no issues navigating this new service.",https://www.businessinsider.com/disney-plus-guided-walkthrough-on-an-apple-tv-photos-2019-8,https://amp.businessinsider.com/images/5d69344d2e22af10f14ebe02-2732-1366.jpg,2019-09-01T00:00:00Z,"Disney's huge new streaming service, Disney Plus, is almost here. 
 On November 12, Disney will roll out its Plus service to the US, Canada, and the Netherlands, adding Australia and New Zealand one week later, and more countries later on. It costs $6.99 a m… [+1044 chars]"
8,business-insider,Business Insider,Lisa Eadicicco,Here are the Apple products affected by Trump's latest move in the trade war with China,"Trump's tariff on Chinese imports goes into effect on September 1, impacting Apple products like AirPods and the Apple Watch.",https://www.businessinsider.com/apple-products-airpods-watch-hit-by-trump-china-tariff-2019-9,https://amp.businessinsider.com/images/5d6beefd2e22af46ee202aa3-1920-960.jpg,2019-09-01T00:00:00Z,"The Trump administration's latest round of tariffs on products and goods imported from China just went into effect on Sunday, impacting some of Apple's most popular products. 
 The 15% increase on Chinese imports will affect Apple products such as the Apple … [+2625 chars]"
9,business-insider,Business Insider,"Aylin Woodward, Morgan McFall-Johnsen, Sinéad Baker, INSIDER","Hurricane Dorian is now a Category 4 storm and its forecast has moved north, putting Georgia and South Carolina in its path","Hurricane Dorian, which is gaining strength over warm Atlantic waters, is forecast to approach Florida as a Category 4 storm on Monday.",https://www.businessinsider.com/tropical-storm-dorian-track-hurricane-forecast-2019-8,https://amp.businessinsider.com/images/5d69972c21214c63c120b1ae-1536-768.jpg,2019-08-31T00:00:00Z,"Hurricane Dorian is gaining strength as it heads toward the Bahamas and Florida — its sustained wind speeds have reached roughly 145 mph, turning it into a Category 4 storm Friday night. 
 The National Hurricane Center (NHC) has issued a hurricane warning fo… [+5750 chars]"
0,cbs-news,CBS News,CBS News,Hurricane Dorian slams Bahamas as monster Category 5 storm,"Extremely powerful, life-threatening Hurricane Dorian has reached the Bahamas. The National Hurricane Center in Miami said Sunday that Dorian made landfall in Elbow Cay at 12:40 p.m. ET. Maximum sustained winds have increased to a monstrous 185 mph from 180 m…",https://www.cbsnews.com/video/hurricane-dorian-slams-bahamas-category-5-storm-latest-forecast-2019-09-01/,https://cbsnews1.cbsistatic.com/hub/i/r/2019/09/01/0e884c3b-0655-43a6-a3c2-041371048db9/thumbnail/1200x630/7c8dfc4cb9bddb17db2640bf4273602d/cbsn-fusion-hurricane-dorian-slams-bahamas-category-5-storm-latest-forecast-2019-09-01-thumbnail-1924774-640x360.jpg,2019-09-01T18:59:39+00:00,"Extremely powerful, life-threatening Hurricane Dorian has reached the Bahamas. The National Hurricane Center in Miami said Sunday that Dorian made landfall in Elbow Cay at 12:40 p.m. ET. Maximum sustained winds have increased to a monstrous 185 mph from 180 m… [+149 chars]"
1,cbs-news,CBS News,Jason Silverstein,"Texas gun laws: One day after Odessa mass shooting, looser gun laws go into effect","The new laws make it easier to have guns in public places including schools, apartment buildings and places of worship",https://www.cbsnews.com/news/texas-gun-laws-one-day-after-odessa-mass-shooting-looser-gun-laws-go-into-effect-2019-09-01/,https://cbsnews3.cbsistatic.com/hub/i/r/2019/09/01/f315ca9b-7958-4ae5-9ee8-2645d6c40048/thumbnail/1200x630/d3c61ef7db9d60189cb30a8545697810/odessa-texas-shooting1165309394.jpg,2019-09-01T18:52:04+00:00,"A series of loosened gun laws went into effect in Texas on Sunday — just one day after the state's latest mass shooting, which left at least seven people dead. The new laws make it easier to carry guns in public places, including schools, apartment buildings … [+3502 chars]"
2,cbs-news,CBS News,CBS News,Hurricane Dorian seen over Bahamas from space station,"The International Space Station flew over the Caribbean on Sunday afternoon and captured daunting images of Hurricane Dorian, showing the sheer size of the Category 5 storm as it hit the Bahamas.",https://www.cbsnews.com/video/hurricane-dorian-seen-over-bahamas-from-space-station/,https://cbsnews2.cbsistatic.com/hub/i/r/2019/09/01/aed0249e-b6ca-4c89-aa8f-56b666f5aa15/thumbnail/1200x630/bb6a2e6e76e380a272eb0027e2c02221/0901-jonmiller-1924750-640x360.jpg,2019-09-01T18:33:12+00:00,"The International Space Station flew over the Caribbean on Sunday afternoon and captured daunting images of Hurricane Dorian, showing the sheer size of the Category 5 storm as it hit the Bahamas."
3,cbs-news,CBS News,CBS News,U.S. steps up airstrikes targeting al Qaeda in Syria,"On Saturday, US airstrikes were reported to have killed at least 40 members of Al Qaeda, it's been intensified as Syrian rebels have launched a major counter attack against the Assad regime's efforts to recapture Idlib. CBS News correspondent Holly Williams f…",https://www.cbsnews.com/video/u-s-steps-up-airstrikes-targeting-al-qaeda-in-syria/,https://cbsnews1.cbsistatic.com/hub/i/r/2019/09/01/7460b713-32f3-44de-88da-136b4305b511/thumbnail/1200x630/5969741d04a95e58d71d3843dc325b34/0901-ftn-hollywilliams-1924747-640x360.jpg,2019-09-01T18:31:02+00:00,"On Saturday, US airstrikes were reported to have killed at least 40 members of Al Qaeda, it's been intensified as Syrian rebels have launched a major counter attack against the Assad regime's efforts to recapture Idlib. CBS News correspondent Holly Williams f… [+44 chars]"
4,cbs-news,CBS News,Camilo Montoya-Galvez,"Remain in Mexico: U.S. is returning migrants to places similar to ""war zones"" in Mexico under Trump policy, aid worker warns",Doctors Without Borders' Sergio Martin has worked in war-torn countries for years. He never imagined witnessing so much violence in areas the U.S. is sending thousands of asylum seekers back to,https://www.cbsnews.com/news/remain-in-mexico-us-returning-migrants-to-places-similar-to-war-zones-in-mexico-under-trump-policy/,https://cbsnews3.cbsistatic.com/hub/i/r/2019/09/01/b2ac0f12-ce8b-4b34-a61a-9dea0aed60d7/thumbnail/1200x630/4fc52e737f1520996cf51f73a85848f6/gettyimages-1153275170.jpg,2019-09-01T18:28:35+00:00,"Doctors Without Borders' Sergio Martin has worked in war-torn countries for years, but he never imagined he would witness so much violence in the areas of Mexico where the U.S. government has been returning tens of thousands of asylum seekers in recent months… [+4247 chars]"
5,cbs-news,CBS News,CBS News,"9/1: Beto O'Rourke, Brock Long, Kevin McAleenan","This week on ""Face the Nation,"" Margaret Brennan talks to Homeland Security Acting Secretary Kevin McAleenan, former FEMA Administrator Brock Long and 2020 Democratic presidential candidate Beto O'Rourke. Plus, the latest from the shooting rampage in Texas an…",https://www.cbsnews.com/video/91-beto-orourke-brock-long-kevin-mcaleenan/,https://cbsnews2.cbsistatic.com/hub/i/r/2019/09/01/9be4aedf-af1e-4551-9975-e4ab7c344e86/thumbnail/1200x630/b753679e33f461cceec75dbae4954994/0901-ftn-open-1924735-640x360.jpg,2019-09-01T18:10:03+00:00,"This week on ""Face the Nation,"" Margaret Brennan talks to Homeland Security Acting Secretary Kevin McAleenan, former FEMA Administrator Brock Long and 2020 Democratic presidential candidate Beto O'Rourke. Plus, the latest from the shooting rampage in Texas an… [+29 chars]"
6,cbs-news,CBS News,CBS News,Florida residents brace for Hurricane Dorian,CBS News Correspondent Mark Strassman is in Florida where residents along the coast are bracing for Hurricane Dorian.,https://www.cbsnews.com/video/florida-residents-brace-for-hurricane-dorian/,https://cbsnews1.cbsistatic.com/hub/i/r/2019/09/01/93b9815c-f455-4537-b204-3edfe41102ac/thumbnail/1200x630/0e9a234a90fe7519e789e64036d54b36/0901-ftn-markstrassman-1924721-640x360.jpg,2019-09-01T18:02:13+00:00,CBS News Correspondent Mark Strassman is in Florida where residents along the coast are bracing for Hurricane Dorian.
7,cbs-news,CBS News,CBS News,"9/1: David Nakamura, Salena Zito, Sahil Kapur, Shane Harris","Missed the second half of the show? The latest on hurricane prep. A panel of experts discuss the shooting rampage in Odessa, Texas.",https://www.cbsnews.com/video/91-david-nakamura-salena-zito-sahil-kapur-shane-harris/,https://cbsnews3.cbsistatic.com/hub/i/r/2019/09/01/fe342353-639f-4696-bcf4-b9fcc355343d/thumbnail/1200x630/a8a00c0bd7dcd5a2eca6e69fc52cfaef/0901-ftn-page2-1924686-640x360.jpg,2019-09-01T17:31:19+00:00,"Missed the second half of the show? The latest on hurricane prep. A panel of experts discuss the shooting rampage in Odessa, Texas."
8,cbs-news,CBS News,CBS News,"Hurricane Dorian updates: Category 5 storm shifts toward North Carolina, South Carolina, Georgia - latest on landfall, track, path, weather forecast and models and live updates",Dangerous storm packing sustained 180 mph winds is expected to make landfall in a couple days and drench the Carolinas,https://www.cbsnews.com/live-news/hurricane-dorian-update-category-4-storm-landfall-latest-track-path-models-forecast-2019-09-01/,https://cbsnews2.cbsistatic.com/hub/i/r/2019/08/31/1fed97d9-942b-466a-9c19-55b2a555beee/thumbnail/1200x630/324454c68b5e336e2b5acb37beabf086/dorian-worldview-83019-1024x585.jpg,2019-09-01T16:46:00+00:00,"Updated on: September 1, 2019 / 12:46 PM
 / CBS News
Hurricane Dorian now Category 5 storm
Hurricane Dorian fast facts:
<ul><li>As of 11 a.m. ET Sunday, the National Hurricane Center said Dorian was a Category 5 storm bearing down on the Bahamas.</li><li>… [+12637 chars]"
9,cbs-news,CBS News,CBS News,Shooting in Texas near Odessa leaves at least 7 dead and 3 police injured in mass shooting - Latest news,"Alleged gunman killed in shootout with police, 3 of whom were also injured, after traffic stop led to a chaotic car chase near Odessa",https://www.cbsnews.com/news/shooting-in-texas-odessa-midland-at-least-6-dead-3-police-injured-mass-shooting-latest-news-2019-09-01/,https://cbsnews3.cbsistatic.com/hub/i/r/2019/09/01/f315ca9b-7958-4ae5-9ee8-2645d6c40048/thumbnail/1200x630/d3c61ef7db9d60189cb30a8545697810/odessa-texas-shooting1165309394.jpg,2019-09-01T16:21:00+00:00,"Another mass shooting in America has left at least seven people dead. Two dozen more people were wounded in the rampage outside Odessa, Texas — the second mass shooting in the state in a month. The alleged gunman was killed by police, bringing the total death… [+2510 chars]"
0,cnn,CNN,"Kate Sullivan, CNN",The Trump decision that pushed James Mattis to his breaking point,"In his first television interview about his resignation, former Secretary of Defense James Mattis explained that he reached his breaking point with the Trump administration after the President decided to withdraw US troops from war-torn Syria.",http://us.cnn.com/2019/09/01/politics/james-mattis-trump-breaking-point-syria/index.html,https://cdn.cnn.com/cnnnext/dam/assets/170624115625-01-donald-trump-james-mattis-file-super-tease.jpg,2019-09-01T16:48:04Z,"Washington (CNN)In his first television interview about his resignation, former Secretary of Defense James Mattis explained that he reached his breaking point with the Trump administration after the President decided to withdraw US troops from war-torn Syria.… [+1250 chars]"
1,cnn,CNN,Marnie Hunter,How Hurricane Dorian is impacting Labor Day travel,That last little bit of summer vacation is likely to be less relaxing than anticipated for travelers spending Labor Day weekend along the United States' Southeast coast.,http://us.cnn.com/travel/article/what-to-know-labor-day-travel-hurricane-dorian/index.html,https://dynaimage.cdn.cnn.com/cnn/w_1200/http%3A%2F%2Fcdn.cnn.com%2Fcnnnext%2Fdam%2Fassets%2F190901022936-bahamas-dorian-evacuation-super-tease.jpg,2019-09-01T15:46:29Z,"Marnie Hunter and Stacey Lastoe, CNNUpdated 1st September 2019
(CNN) That last bit of summer vacation is likely to be less relaxing than anticipated for travelers spending Labor Day weekend along the Southeast coast of the US and in the northern Bahamas.
Hu… [+5324 chars]"
2,cnn,CNN,,Beto O'Rourke: This is f***ed up - CNN Video,"Responding to the latest mass shooting in Odessa, Texas, Democratic presidential candidate Beto O'Rourke tells CNN's Dana Bash that thoughts and prayers have done nothing to stop gun violence and that legislators need to take action.",http://us.cnn.com/videos/politics/2019/09/01/beto-o-rourke-midland-odessa-texas-shooting-response-sotu.cnn,https://cdn.cnn.com/cnnnext/dam/assets/190901092010-beto-super-tease.jpg,2019-09-01T15:38:13.7891446Z,Chat with us in Facebook Messenger. Find out what's happening in the world as it unfolds.
3,cnn,CNN,,Livge updates: West Texas shooting rampage - CNN,"At least seven people were killed in a shooting West Texas rampage, which started with a traffic stop in West Texas. Follow here for the latest.",http://us.cnn.com/us/live-news/west-texas-shooting-odessa-midland/index.html,https://cdn.cnn.com/cnnnext/dam/assets/190831202827-08-odessa-midland-shooting-0831-super-tease.jpg,2019-09-01T14:12:45Z,"A man who was pulled over by Texas troopers shot at them with a rifle and sped away, setting off a terrifying rampage that ended with seven victims and the shooter dead, police said.
After he opened fire during a traffic stop Saturday in Midland, the gunman … [+663 chars]"
4,cnn,CNN,,Storm tracker,Track the latest tropical activity with CNN's storm tracker.,https://www.cnn.com/interactive/storm-tracker/,https://cdn.cnn.com/cnn/interactive/weather/hurricane.tracker/hurricane/satellite.jpg?cb=32512,2019-09-01T10:23:24.4160668Z,"Loading interactive map ...
<ul><li>
 Category
 </li><li>
 Projected path
 </li><li>
 Traveled path
 </li></ul>
Track the latest weather stories and share your comments with the CNN Weather team on Facebook and Twitter."
5,cnn,CNN,,Orlando resident: I'm sending my mother to Disney for Hurricane Dorian - CNN Video,"Orlando resident Pete Werner tells CNN's Dianne Gallagher what he plans to do as Hurricane Dorian approaches, and why he's sending is 88-year-old mother to Disney.",http://us.cnn.com/videos/travel/2019/08/31/hurricane-dorian-orlando-florida-disney-werner-gallagher-bts-vpx.cnn,https://cdn.cnn.com/cnnnext/dam/assets/190831061149-hurricane-dorian-orlando-florida-disney-werner-gallagher-bts-vpx-00005826-super-tease.jpg,2019-09-01T10:23:21.885637Z,Chat with us in Facebook Messenger. Find out what's happening in the world as it unfolds.
6,cnn,CNN,,Hurricane Dorian threatens disaster in the Bahamas - CNN Video,"Hurricane Dorian is packing 150mph winds, with conditions forecasted to deteriorate in the Bahamas over Abaco islands during the next few hours and in Grand Bahama later today.",http://us.cnn.com/videos/weather/2019/09/01/hurricane-dorian-forecast-update-sunday-vpx.cnn,https://cdn.cnn.com/cnnnext/dam/assets/190901060634-5a-sunday-dorian-super-tease.jpg,2019-09-01T10:23:05.9633671Z,Chat with us in Facebook Messenger. Find out what's happening in the world as it unfolds.
7,cnn,CNN,"Madeline Holcombe and Jason Hanna, CNN",Hurricane Dorian is forecast to slam the northern Bahamas before skirting the southeastern US coast,"With Hurricane Dorian forecast to hit the northern Bahamas in full force Sunday and linger there, experts say now is the time to make decisions to save lives.",http://us.cnn.com/2019/09/01/us/hurricane-dorian-sunday-wxc/index.html,https://cdn.cnn.com/cnnnext/dam/assets/190901035259-dorian-storm-cone-sunday-super-tease.jpg,2019-09-01T09:38:18Z,"(CNN)With Hurricane Dorian forecast to hit the northern Bahamas in full force Sunday and linger there, experts say now is the time to make decisions to save lives.
""This is the time that the Bahamas (is) really going to have do some significant soul searchin… [+3592 chars]"
8,cnn,CNN,"Carma Hassan, CNN",1 dead and 6 injured after a hazmat incident at a California hotel,"One woman is dead and six people were taken to the hospital after a hazardous materials incident at the Fairmont Hotel in San Jose, California, according to San Jose Fire Department Captain Mitch Matlow.",http://us.cnn.com/2019/09/01/us/hazmat-hotel-san-jose-california/index.html,https://cdn.cnn.com/cnnnext/dam/assets/170919114953-01-police-tape-stock-super-tease.jpg,2019-09-01T09:36:59Z,"(CNN)One woman is dead and six people were taken to the hospital after a hazardous materials incident at the Fairmont Hotel in San Jose, California, according to San Jose Fire Department Captain Mitch Matlow.
The call first came in just after 10 a.m. local t… [+1468 chars]"
9,cnn,CNN,,Live updates: Hurricane Dorian approaches Florida - CNN,Hurricane Dorian is expected to make landfall in Florida. Follow here for the latest.,https://www.cnn.com/us/live-news/hurricane-dorian-september-2019/index.html,https://cdn.cnn.com/cnnnext/dam/assets/190830103035-dorian-huracan-super-tease.jpg,2019-09-01T08:09:05Z,"The Bahamas is braced for devastating Category 4 hurricane conditions as Dorian barrels its way towards the low-lying chain of islands Sunday. 
Tropical storm winds are expected to begin within the next several hours in the country's northwest, according 2am… [+1107 chars]"
0,newsweek,Newsweek,Benjamin Fearnow,"Texas Allows Guns in Churches, Schools After Firearm Access Laws Expanded, Effective September 1","Gun owners in the state of Texas can now legally bring firearms into churches, synagogues and schools after a loosening of restrictions passed by legislators earlier this year.",http://www.newsweek.com/texas-gun-laws-september-1-effect-schools-churches-restrictions-1457123,https://d.newsweek.com/en/full/1503696/gun-free-school-zones-repeal.jpg,2019-09-01T14:25:02Z,"Gun owners in the state of Texas can now legally bring firearms into churches, synagogues and schools after a loosening of restrictions passed by legislators earlier this year.
Despite national calls for added gun control measures in the wake of the country'… [+2707 chars]"
1,newsweek,Newsweek,"James LaPorta, Asher Stockler",Special Forces Soldier Killed As Peace Talks Continue to End Afghan War,An American Speical Forces soldier was killed in Afghanistan Thursday as violence continues throughout the region amid ongoing peace negotiations between U.S. and Taliban officials.,http://www.newsweek.com/special-forces-soldier-killed-peace-talks-continue-end-afghan-war-1456978,https://d.newsweek.com/en/full/1524165/specops-30aug2019.jpg,2019-08-30T16:00:51Z,"An American Special Forces soldier was killed in Afghanistan Thursday as violence continues throughout the region amid ongoing peace negotiations between U.S. and Taliban officials.
A statement released Friday by officials with the NATO Resolute Support miss… [+3944 chars]"
2,newsweek,Newsweek,David Brennan,Chinese Military Says Hong Kong Garrison Is Determined After Troop Rotation,People's Liberation Army spokesperson Ren Guoqiang said the deployment was routine and that troops would continue their normal duties.,http://www.newsweek.com/chinese-military-hong-kong-garrison-determined-confident-capable-troop-rotation-raises-alarm-1456963,https://d.newsweek.com/en/full/1524154/chna-hong-kong-garrison-troops-soldier-protests.jpg,2019-08-30T15:06:59Z,"The Chinese military has said its troops in Hong Kong are ready to carry out their duties following the deployment of fresh soldiers to the territory.
Hong Kong police are gearing up for what is set to be the thirteenth consecutive weekend of anti-government… [+2380 chars]"
3,newsweek,Newsweek,,Newsweek: College Football—SEC2,"﻿Collect all six Special Collector's covers! 150 years ago, Rutgers and Princeton, then known as the College of New Jersey, played the first-ever intercollegiate football game and began an American tradition that, all these years later, has no equal. For mill…",http://pubads.g.doubleclick.net/gampad/clk?id=5138394196&iu=/43459271/newsweek/homepage,http://cdn.shopify.com/s/files/1/0966/9134/products/NW-College-Football-Cover-Florida_1200x1200.jpg?v=1565811201,2019-08-21T10:53:14.5295123Z,"Collect all six Special Collector's covers!
150 years ago, Rutgers and Princeton, then known as the College of New Jersey, played the first-ever intercollegiate football game and began an American tradition that, all these years later, has no equal. For mill… [+709 chars]"
4,newsweek,Newsweek,,U.S.,"Get the latest U.S. news, video and opinion about U.S. politics, U.S. culture, U.S. jobs and more.",http://www.newsweek.com/us,,2019-08-19T20:38:26.5251961Z,
5,newsweek,Newsweek,,Best ABET Accredited and Global Engineering Schools 2019,50 years of education for a better world,https://www.newsweek.com/insights/best-abet-accredited-and-global-engineering-schools-2019,,2019-08-17T03:37:54.9195239Z,"In a world that has become increasingly interconnected and where technology permeates everything we do from ordering food to managing healthcare and navigating the morning commute it is no surprise there is a shortage of qualified tech professionals.
Every d… [+6950 chars]"
6,newsweek,Newsweek,,Leading Fertility Centers 2019,,https://www.newsweek.com/insights/leading-fertility-centers-2019,,2019-08-09T12:53:22.1887361Z,"CCRM was founded by Dr. William Schoolcraft in 1987, and it is a global pioneer in fertility science, research, and treatment, offering best-in-class patient care and access to a national network of award-winning physicians, a full suite of fertility services… [+2292 chars]"
7,newsweek,Newsweek,,The Momentum Awards 2019,,http://www.newsweek.com/momentum-awards-2019,,2019-07-13T17:08:11.897194Z,"The Newsweek Momentum Awards 2019
Drones, driverless cars, pilotless planes and trains. An automation revolution is about to sweep transportationone that will transform societies around the world, the global economy and the environment. This disruption has a… [+2319 chars]"
8,newsweek,Newsweek,,"Public Affairs, Policy and Administration Programs 2019",50 years of education for a better world,https://www.newsweek.com/insights/leading-public-affairs-policy-and-administration-programs-2019,,2019-06-25T04:07:40.5396062Z,"We've all heard of 'social influencers' - people being paid by a brand to post a pic on Instagram with some of its merchandise, or being compensated to tweet to their followers about the virtues of a particular product. These individuals are sought after by b… [+7011 chars]"
9,newsweek,Newsweek,Newsweek Staff,Best Nursing Homes,Newsweek is partnering with the respected global data research firm Statista Inc. to establish a ranking of Best Nursing Homes. The final rankings will be published in Newsweek magazine and on...,https://www.newsweek.com/best-nursing-homes-1445122,https://d.newsweek.com/en/full/1505644/best-nursing-homes.png,2019-06-21T12:19:19Z,"Taking good care of aging family members is something we all want to get right. But it's not easy. In the U.S. today, the median cost of a private room in a nursing home is more than $100,000 a yearand the personal, non-financial cost for caregivers is exorbi… [+1062 chars]"
0,the-irish-times,The Irish Times,Conor Lally,"Three arrests after searches in Dublin, Meath uncover €1 million heroin haul",Men in 40s and 50s arrested in joint operation between gardaí and UK police,https://www.irishtimes.com/							/news/crime-and-law/three-arrests-after-searches-in-dublin-meath-uncover-1-million-heroin-haul-1.4004366	,https://www.irishtimes.com/image-creator/?id=1.4004365&origw=713,2019-09-01T18:06:09Z,"Three men have been arrested after the seizure of heroin valued at about 1 million in a joint operation between the Garda and British police.
Searches were carried out on Sunday morning in Dublin and Meath, and 7kgs of heroin found. The three arrested men ar… [+1096 chars]"
1,the-irish-times,The Irish Times,Malachy Clerkin,Kerry get so much right but 14-man Dublin hold firm to keep five alive,Dean Rock’s late free drifts wide as sides set to meet again on Saturday week,https://www.irishtimes.com/sport/gaelic-games/gaelic-football/kerry-get-so-much-right-but-14-man-dublin-hold-firm-to-keep-five-alive-1.4004321,https://www.irishtimes.com/image-creator/?id=1.4004318&origw=1440,2019-09-01T17:12:42Z,"Dublin 1-16 Kerry 1-16
So there will be an All-Ireland football final on the third weekend of September after all. Dublin survived a marauding second half from Kerry here to get out of dodge with a replay. Though Dean Rock had a late free to win it, so close… [+8273 chars]"
2,the-irish-times,The Irish Times,Amy O'Connor,"‘I love you, legs.’ ‘I love you, knees.’ And other Electric Picnic conversations","It’s Sunday. Opt for an early feed of chips, or get in touch with body and soul?",https://www.irishtimes.com/							/culture/music/i-love-you-legs-i-love-you-knees-and-other-electric-picnic-conversations-1.4004255	,https://www.irishtimes.com/image-creator/?id=1.4004253&origw=1200,2019-09-01T16:00:00Z,"On Sunday morning The Academic were doing a soundcheck in the Today FM SoundGarden, and a small group of curious passersby gathered to watch, lured by the sound of their hit single Why Cant We Be Friends? As the band stopped and started, their lead singer, Cr… [+3071 chars]"
3,the-irish-times,The Irish Times,John Sharry,‘My son spent the whole summer playing video games’,Ask the Expert: ‘It has been difficult to get him to leave the house. What can I do?’,https://www.irishtimes.com/							/life-and-style/health-family/parenting/my-son-spent-the-whole-summer-playing-video-games-1.3974319	,https://www.irishtimes.com/image-creator/?id=1.3974318&origw=1440,2019-09-01T15:01:00Z,"Question: It has been a long, difficult summer with my 14-year-old son. It has been a constant struggle to get him to do much other than spend the whole day on video games and on his phone.
We did have a two-week family holiday and he did go the Gaeltacht, b… [+5305 chars]"
4,the-irish-times,The Irish Times,The Irish Times,"Brexit: Ireland will not act for Johnson’s ‘political convenience’, says Coveney","Tánaiste says support for Ireland among EU member states is solid, despite UK efforts",https://www.irishtimes.com/							/news/politics/brexit-ireland-will-not-act-for-johnson-s-political-convenience-says-coveney-1.4004044	,https://www.irishtimes.com/image-creator/?id=1.4004043&origw=620,2019-09-01T13:06:03Z,"Ireland cannot agree to British prime minister Boris Johnsons demands just for his political convenience, Minister for Foreign Affairs Simon Coveney has said. 
The Tánaiste strongly criticised Mr Johnsons aggressive approach, saying Ireland would not take it… [+2404 chars]"
5,the-irish-times,The Irish Times,Barry Roche,Up to 60 cars scorched in ‘accidental’ Cork car park blaze,Millions of euro worth of damage caused by the fire at Douglas Village Shopping Centre,https://www.irishtimes.com/							/news/ireland/irish-news/up-to-60-cars-scorched-in-accidental-cork-car-park-blaze-1.4004015	,https://www.irishtimes.com/polopoly_fs/1.4004012.1567362759!/image/image.jpg,2019-09-01T08:13:04Z,"Gardaí are satisfied a blaze which caused millions of euros of worth of damage and destroyed up to 60 cars at a multistorey car park in Cork started accidentally.
Supt Colm OSullivan said a car caught fire at the five-storey Douglas Village Shopping Centre o… [+3430 chars]"
6,the-irish-times,The Irish Times,The Irish Times,Subscriber Only: ‘My husband says he never has to be affectionate because he shows his love in other ways’,Ask Roe: He is not affectionate and never compliments me or says he loves me unprompted,https://www.irishtimes.com/							/life-and-style/health-family/my-husband-says-he-never-has-to-be-affectionate-because-he-shows-his-love-in-other-ways-1.3991947	,https://www.irishtimes.com/image-creator/?id=1.3991943&origw=1440,2019-09-01T05:00:00Z,"Dear Roe,
My husband and I have been married for five years and weve had some issues with communication and connection. Im a very affectionate person, so physical affection is very important to me, as well as sharing compliments and telling my husband that I… [+101 chars]"
7,the-irish-times,The Irish Times,The Irish Times,Subscriber Only: Our Man: Richard Holbrooke. Racy account of a diplomat’s life,Book review: John Banville on a biography of one of America’s most controversial figures,https://www.irishtimes.com/							/culture/books/our-man-richard-holbrooke-racy-account-of-a-diplomat-s-life-1.3994289	,https://www.irishtimes.com/image-creator/?id=1.3994288&origw=1440,2019-09-01T05:00:00Z,"There are no facts, says Nietzsche, only interpretations. It is a thought to trouble the sleep of any historian, whether an adherent of Caryles great man theory of history, or a member of the annales school. We might add to the nights disorders by observing t… [+883 chars]"
8,the-irish-times,The Irish Times,Kevin Courtney,TV guide: 27 of the best shows to watch this week,"Ross O’Carroll-Kelly and his alter ego profiled, plus Martin Freeman in true-life police drama, the return of QI and Grand Designs, and meatless meals from Jamie Oliver",https://www.irishtimes.com/							/culture/tv-radio-web/tv-guide-27-of-the-best-shows-to-watch-this-week-1.3997634	,https://www.irishtimes.com/image-creator/?id=1.3997635&origw=3771,2019-08-31T23:00:00Z,"We Need to Talk About RossMonday, RTÉ One, 9.35pmWhile working as a sports writer in the Sunday Tribune, Paul Howard had an idea for a column satirising the South Dublin rugby set, and thus Ross OCarroll-Kelly was born. Twenty years, countless newspaper colum… [+17796 chars]"
9,the-irish-times,The Irish Times,Diarmaid Ferriter,We now have the true measure of Boris Johnson,The hypocrisy inherrent in the British PM's words and deeds is astounding,https://www.irishtimes.com/							/opinion/we-now-have-the-true-measure-of-boris-johnson-1.4002481	,https://www.irishtimes.com/polopoly_fs/1.4002480.1567170920!/image/image.jpg,2019-08-31T05:00:00Z,"Boris Johnson deserves to be haunted by the ghost of Jo Cox, the British Labour MP murdered during the final stages of the Brexit referendum campaign in 2016. As Cox campaigned for Britain to remain in the EU, Thomas Mair, the man charged with and later convi… [+4979 chars]"
0,the-new-york-times,The New York Times,,Where Does Affirmative Action Leave Asian-Americans?,A high-profile lawsuit against Harvard is forcing students and their families to choose sides.,https://www.nytimes.com/2019/08/28/magazine/affirmative-action-asian-american-harvard.html,https://static01.nyt.com/images/2019/09/01/magazine/01mag-affirmativeaction-hp/01mag-affirmativeaction-hp-facebookJumbo.jpg,2019-09-01T16:35:28.573Z,"Charless study drew on data from 28 schools, going back to 1999. Nearly 20 years later, she is confident that the proportion of black immigrants has increased, but she cant say exactly how much, because schools do not make that information accessible to the p… [+5274 chars]"
1,the-new-york-times,The New York Times,,The Gillibrand Test Case for Women in Politics,Here’s what we learned about a feminist message in a six-woman field.,https://www.nytimes.com/2019/09/01/us/politics/kirsten-gillibrand-democrats-feminists.html,https://static01.nyt.com/images/2019/09/01/us/01women-1/01women-1-facebookJumbo.jpg,2019-09-01T16:11:43.404Z,"And Senator Amy Klobuchar of Minnesota talks openly about the double-bind of being a woman in politics. You also have to show you can do tough jobs and then people say youre too tough. Like you cant win, right? But you, again, have to just deal with that, she… [+1813 chars]"
2,the-new-york-times,The New York Times,,Death Toll in West Texas Shooting Climbs to 7,"At least 21 others were wounded, including three law enforcement officers and a 17-month-old who remained in serious condition Sunday morning.",https://www.nytimes.com/2019/09/01/us/death-toll-texas-shooting.html,https://static01.nyt.com/images/2019/08/31/us/politics/31odessashooting-4-promo/31odessashooting-4-promo-facebookJumbo-v2.jpg,2019-09-01T15:33:41.929Z,"The videos show police vehicles appearing to block a street outside the theater, around the corner from the entrances and in front of the buildings barren and beige side walls. The postal van speeds into view and the driver turns the van so its side slams int… [+1789 chars]"
3,the-new-york-times,The New York Times,,Hurricane Dorian Updates: Storm Strengthens to Category 5,Dorian is expected to strike the northern Bahamas on Sunday and continues to menace the Florida coast.,https://www.nytimes.com/2019/09/01/us/hurricane-dorian-updates.html,https://static01.nyt.com/images/2019/09/01/us/01dorian-briefing01/01dorian-briefing01-facebookJumbo.jpg,2019-09-01T12:35:46.011Z,"As Hurricane Dorian drew near to the Abaco Islands in the northwestern Bahamas early Sunday morning, the National Hurricane Center said in a bulletin that the maximum sustained winds around the eye of the storm had reached 160- miles an hour, making it a cata… [+331 chars]"
4,the-new-york-times,The New York Times,,The Weekly | How Tainted Gold May Have Ended Up in Your Phone,A New TV Show from The New York Times on FX and Hulu,https://www.nytimes.com/2019/08/30/the-weekly/gold-apple-iphone-colombia.html,https://static01.nyt.com/images/2019/09/01/universal/01theweekly-applesgold-goldbars/01theweekly-applesgold-goldbars-facebookJumbo.jpg,2019-09-01T09:51:00.696Z,"Producer/Director Brent McDonald 
If youre reading this on your phone, you may be holding illegally mined gold from Colombia, where the precious metal has replaced cocaine as the main source of income for organized crime. The growing demand for gold as a con… [+789 chars]"
5,the-new-york-times,The New York Times,,"As Trump Escalates Trade War, U.S. and China Move Further Apart With No End in Sight",The standoff is upending the relationship between the world’s two largest economies.,https://www.nytimes.com/2019/09/01/world/asia/trump-trade-war-china.html,https://static01.nyt.com/images/2019/09/01/us/01dc-tradewar-1/merlin_159834312_ef82a910-8317-4b4a-a48b-4efd5cd9002f-facebookJumbo.jpg,2019-09-01T04:01:05Z,The Trump administration continues to look for other ways to limit the ability of American companies to do business with China. The Commerce Department is moving forward with new export controls that would restrict American firms from selling sensitive techno… [+2193 chars]
6,the-new-york-times,The New York Times,,Now Streaming on YouTube: Confessions From a Presidential Hit Squad in Gambia,Searing testimony from victims. Shocking confessions from killers. A popular live stream of an investigation into years of atrocities prompts a nation to consider if the truth will lead to justice.,https://www.nytimes.com/2019/08/31/world/africa/gambia-truth-commission-yahya-jammeh.html,https://static01.nyt.com/images/2019/09/01/world/01gambia1-promo/01gambia1-promo-facebookJumbo-v2.jpg,2019-08-31T19:09:38Z,"The goal of the hearings, said Abubacarr Tambadou, the attorney general, is to negate a sense of disbelief in the country, about the facts of the last two decades. The reality, he went on, is that to get to the facts and to the worst offenders some smaller pl… [+1123 chars]"
0,reuters,Reuters,Ari Rabinovitch,Netanyahu: Israel ready for any scenario after Hezbollah clash,"Prime Minister Benjamin Netanyahu said on Sunday that Israel was prepared for any scenario after a cross-border clash with Lebanon's Hezbollah, but neither side seemed eager for another conflict.",http://feeds.reuters.com/~r/reuters/topNews/~3/51uSOqeW2Aw/netanyahu-israel-ready-for-any-scenario-after-hezbollah-clash-idUSKCN1VM1GA,https://s2.reutersmedia.net/resources/r/?m=02&d=20190901&t=2&i=1425119323&w=1200&r=LYNXNPEF801UE,2019-09-01T18:19:57Z,"JERUSALEM/BEIRUT (Reuters) - Prime Minister Benjamin Netanyahu said on Sunday that Israel was prepared for any scenario after a cross-border clash with Lebanon’s Hezbollah, but neither side seemed eager for another conflict. 
Israel’s military said anti-tank… [+3708 chars]"
1,reuters,Reuters,Reuters Editorial,"Death toll from West Texas shooting rises to seven, 22 wounded","The death toll in Saturday's gun rampage in West Texas rose to seven on Sunday with 22 people wounded, police said after the second mass shooting to rock the state in less than a month.",http://feeds.reuters.com/~r/reuters/topNews/~3/duC9_h0Nwd4/death-toll-from-west-texas-shooting-rises-to-seven-22-wounded-idUSKCN1VM1CT,https://s4.reutersmedia.net/resources/r/?m=02&d=20190901&t=2&i=1425129390&w=1200&r=LYNXNPEF801WY,2019-09-01T18:16:25Z,"(Reuters) - The death toll in Saturday’s gun rampage in West Texas rose to seven on Sunday with 22 people wounded, police said after the second mass shooting to rock the state in less than a month. 
Police had earlier said five people, including the gunman, … [+2410 chars]"
2,reuters,Reuters,Steve Holland,Trump says background checks would not have prevented recent gun violence,"As the United States grappled with yet another mass shooting event on Sunday, President Donald Trump said that background checks on gun purchasers would not have prevented recent gun violence in the country.",http://feeds.reuters.com/~r/reuters/topNews/~3/xMoywH4huT4/trump-says-background-checks-would-not-have-prevented-recent-gun-violence-idUSKCN1VM1E3,https://s3.reutersmedia.net/resources/r/?m=02&d=20190901&t=2&i=1425109014&w=1200&r=LYNXNPEF801R5,2019-09-01T18:16:25Z,"By Steve Holland and Andrea Shalal 
WASHINGTON (Reuters) - As the United States grappled with yet another mass shooting event on Sunday, President Donald Trump said that background checks on gun purchasers would not have prevented recent gun violence in the … [+3361 chars]"
3,reuters,Reuters,Gabriella Borter,Dorian hammers Bahamas as second strongest Atlantic hurricane on record,"Hurricane Dorian crashed into the Bahamas on Sunday as the second strongest Atlantic storm on record and inched closer to the U.S. mainland, with parts of Florida evacuating and Georgia and the Carolinas bracing for wind and flooding.",http://feeds.reuters.com/~r/reuters/topNews/~3/jaLZaEQedhw/dorian-hammers-bahamas-as-second-strongest-atlantic-hurricane-on-record-idUSKCN1VM0YM,https://s4.reutersmedia.net/resources/r/?m=02&d=20190901&t=2&i=1425133441&w=1200&r=LYNXNPEF801KR,2019-09-01T18:02:11Z,"TITUSVILLE, Fla. (Reuters) - Hurricane Dorian crashed into the Bahamas on Sunday as the second strongest Atlantic storm on record and inched closer to the U.S. mainland, with parts of Florida evacuating and Georgia and the Carolinas bracing for wind and flood… [+3460 chars]"
4,reuters,Reuters,Reuters Editorial,Iran says Hezbollah's attack on Israel's army was a retaliatory move: IRNA,"Hezbollah's policy is aimed at safeguarding the interests of Lebanon, Iran's state news agency IRNA quoted a senior Iranian security official as saying in reaction to the Iran-backed group's attack on Israel's army on Sunday.",http://feeds.reuters.com/~r/reuters/topNews/~3/k2zM8OvThjQ/iran-says-hezbollahs-attack-on-israels-army-was-a-retaliatory-move-irna-idUSKCN1VM1IP,https://s4.reutersmedia.net/resources_v2/images/rcom-default.png,2019-09-01T17:49:34Z,"DUBAI (Reuters) - Hezbollah’s policy is aimed at safeguarding the interests of Lebanon, Iran’s state news agency IRNA quoted a senior Iranian security official as saying in reaction to the Iran-backed group’s attack on Israel’s army on Sunday. 
“Hezbollah en… [+387 chars]"
5,reuters,Reuters,Reuters Editorial,Bahrain instructs citizens to leave Lebanon over security incidents,"Bahrain's Foreign Ministry on Sunday instructed its citizens to leave Lebanon immediately, citing ""security events and developments"", after a week of growing tensions raised fears of a new war between Israel and Lebanon's Hezbollah movement.",http://feeds.reuters.com/~r/reuters/topNews/~3/sF6IKUq7GLs/bahrain-instructs-citizens-to-leave-lebanon-over-security-incidents-idUSKCN1VM1H6,https://s4.reutersmedia.net/resources_v2/images/rcom-default.png,2019-09-01T17:04:59Z,"RIYADH (Reuters) - Bahrain’s Foreign Ministry on Sunday instructed its citizens to leave Lebanon immediately, citing “security events and developments”, after a week of growing tensions raised fears of a new war between Israel and Lebanon’s Hezbollah movement… [+148 chars]"
6,reuters,Reuters,Jessie Pang,Hong Kong protesters target airport but planes keep flying,Thousands of protesters blocked roads and public transport links to Hong Kong airport on Sunday in a bid to draw world attention to their fight for democracy for the Chinese-ruled city which is facing its biggest political crisis in decades.,http://feeds.reuters.com/~r/reuters/topNews/~3/KfOtoTmUDzM/hong-kong-protesters-target-airport-but-planes-keep-flying-idUSKCN1VM0V7,https://s1.reutersmedia.net/resources/r/?m=02&d=20190901&t=2&i=1425108513&w=1200&r=LYNXNPEF801R2,2019-09-01T15:57:15Z,HONG KONG (Reuters) - Thousands of protesters blocked roads and public transport links to Hong Kong airport on Sunday in a bid to draw world attention to their fight for democracy for the Chinese-ruled city which is facing its biggest political crisis in deca… [+3527 chars]
7,reuters,Reuters,Abdul Qadir Sediqi,"U.S., Taliban near Afghanistan deal, fighting intensifies in north","U.S. and Taliban negotiators are close to a deal that would open the way for peace in Afghanistan, a top U.S. official said on Sunday, as the insurgents followed their weekend assault on the strategic center of Kunduz by attacking a second northern city.",http://feeds.reuters.com/~r/reuters/topNews/~3/ejO30Odc_xs/u-s-taliban-near-afghanistan-deal-fighting-intensifies-in-north-idUSKCN1VM0XD,https://s3.reutersmedia.net/resources/r/?m=02&d=20190901&t=2&i=1424944710&w=1200&r=LYNXNPEF8016L,2019-09-01T15:35:20Z,"KABUL (Reuters) - U.S. and Taliban negotiators are close to a deal that would open the way for peace in Afghanistan, a top U.S. official said on Sunday, as the insurgents followed their weekend assault on the strategic center of Kunduz by attacking a second n… [+5057 chars]"
8,reuters,Reuters,Reuters Editorial,"Israel, Hezbollah exchange fire along Lebanon border",Israel's military said on Sunday anti-tank missiles from Lebanon targeted an army base and vehicles and that it responded with fire into southern Lebanon.,http://feeds.reuters.com/~r/reuters/topNews/~3/LlL19vshqYc/israel-hezbollah-exchange-fire-along-lebanon-border-idUSKCN1VM1A8,https://s4.reutersmedia.net/resources/r/?m=02&d=20190901&t=2&i=1425085736&w=1200&r=LYNXNPEF801MR,2019-09-01T14:15:38Z,"JERUSALEM/BEIRUT (Reuters) - Israel’s military said on Sunday anti-tank missiles from Lebanon targeted an army base and vehicles and that it responded with fire into southern Lebanon. 
Lebanon’s Iran-backed Hezbollah group said its fighters destroyed an Isra… [+1889 chars]"
9,reuters,Reuters,Alexandra Alper,Germany asks for forgiveness as Poland marks 80th anniversary of war,Germany's president asked for forgiveness for his country on Sunday for the suffering of the Polish people during World War Two as Poland marked 80 years since the Nazi German invasion that unleashed the deadliest conflict in human history.,http://feeds.reuters.com/~r/reuters/topNews/~3/6wqjSFoUtiY/germany-asks-for-forgiveness-as-poland-marks-80th-anniversary-of-war-idUSKCN1VL0TL,https://s2.reutersmedia.net/resources/r/?m=02&d=20190901&t=2&i=1425074900&w=1200&r=LYNXNPEF801MF,2019-09-01T13:30:57Z,WARSAW (Reuters) - Germany’s president asked for forgiveness for his country on Sunday for the suffering of the Polish people during World War Two as Poland marked 80 years since the Nazi German invasion that unleashed the deadliest conflict in human history.… [+4712 chars]
0,the-wall-street-journal,The Wall Street Journal,"Bernard Mpofu, Gabriele Steinhauser","In Zimbabwe, Promise of Mobile Money Fades When the Power Goes Out","Ecocash, the cellphone platform used for eight out of 10 financial transactions, regularly breaks down",https://www.wsj.com/articles/in-zimbabwe-promise-of-mobile-money-fades-when-the-power-goes-out-11567353999?mod=hp_lead_pos9,https://images.wsj.net/im-102707/social,2019-09-01T16:06:00Z,"DOMBOSHAVA, ZimbabweWith the crowd behind him getting restless, Silas Hwamiridza frantically punched his cellphones keys, trying to make a payment for gas at his local station.But the 200 Zimbabwean dollar (around $20) transaction on the countrys popular mobi… [+6570 chars]"
1,the-wall-street-journal,The Wall Street Journal,Craig Nelson,U.S. Says It Is ‘at the Threshold’ of an Afghan Withdrawal Agreement,Chief American negotiator visits Kabul to brief government on the deal,https://www.wsj.com/articles/u-s-says-it-is-at-the-threshold-of-an-afghan-withdrawal-agreement-11567351906?mod=hp_lead_pos4,https://images.wsj.net/im-103199/social,2019-09-01T15:31:00Z,"KABULWith a landmark deal with the Taliban nearly completed, the U.S. diplomat overseeing peace talks with the insurgents arrived in Kabul on Sunday to brief top Afghan officials on the accord and to discuss next steps on a comprehensive settlement of the nea… [+271 chars]"
2,the-wall-street-journal,The Wall Street Journal,"Dave Michaels, Alexander Osipovich",Venture-Capital Stalwart Battles Washington’s Crypto Crackdown,"Andreessen Horowitz, known for Facebook investment, says digital currencies can cure what ails web",https://www.wsj.com/articles/venture-capital-stalwart-battles-washingtons-crypto-crackdown-11567350000?mod=hp_lead_pos6,https://images.wsj.net/im-97925/social,2019-09-01T15:00:00Z,"Venture-capital firm Andreessen Horowitz, known for early investments in innovative companies such as Facebook Inc., is putting up a fight against Washingtons cryptocurrency crackdown.
The aim: advance its latest bet on futuristic technology. In late May, at… [+170 chars]"
3,the-wall-street-journal,The Wall Street Journal,Elizabeth Findell,Odessa Mayor Says Shooting Death Toll Has Risen to Seven,"The gunman, who was killed by police, shot at least 21 people as he tore between Odessa and nearby Midland on Saturday",https://www.wsj.com/articles/odessa-mayor-says-shooting-death-toll-has-risen-to-seven-11567349836?mod=hp_lead_pos1,https://images.wsj.net/im-103168/social,2019-09-01T14:57:00Z,"The death toll from a shooting rampage in West Texas rose to seven after two more people died overnight, Odessa Mayor David Turner said Sunday. 
The gunman, who was killed by police, shot at least 21 people as he tore between Odessa and nearby Midland on Sat… [+97 chars]"
4,the-wall-street-journal,The Wall Street Journal,Tom Perrotta,Coco Gauff’s U.S. Open Run Is Over. Here’s What to Expect for the Future.,"Now that the 15-year-old’s tennis season is done, she will try to improve pretty much everything. And she has a lot of time.",https://www.wsj.com/articles/coco-gauffs-u-s-open-run-is-over-heres-what-to-expect-for-the-future-11567347360?mod=hp_lead_pos8,https://images.wsj.net/im-103191/social,2019-09-01T14:16:00Z,"Fifteen-year-old Cori Coco Gauffs exciting runs at the U.S. Open and Wimbledon has glossed over an important truth about her future. To navigate the uncertain road from teen phenom to major-title holder, the ambitious teen now has to improve just about every … [+262 chars]"
5,the-wall-street-journal,The Wall Street Journal,"Arian Campo-Flores, Valerie Bauerlein",Hurricane Dorian Is Upgraded to Category 5 Storm,Storm is expected to move Great Abaco Island in the northern Bahamas Sunday morning,https://www.wsj.com/articles/hurricane-dorian-is-upgraded-to-category-5-storm-11567339832?mod=hp_lead_pos5,https://images.wsj.net/im-103185/social,2019-09-01T12:10:00Z,"MIAMIHurricane Dorian grew into a menacing Category 5 storm early Sunday as it took aim at the Bahamas, threatening severe flooding and devastating winds.The core of the storm was expected to move over Great Abaco Island in the northern Bahamas on Sunday morn… [+4933 chars]"
6,the-wall-street-journal,The Wall Street Journal,"William Mauldin, Chao Deng",Trump Administration Goes Ahead With New Tariffs on Chinese Products,"U.S. duties of 15% on tools, apparel items, some footwear and many electronics are expected to hit consumers",https://www.wsj.com/articles/trump-administration-goes-ahead-with-new-tariffs-on-chinese-products-11567337797?mod=hp_lead_pos2,https://images.wsj.net/im-103161/social,2019-09-01T11:36:00Z,"Tariffs on clothing and other imports from China went into effect on Sunday, escalating the trade war in a move expected to squarely hit consumers.
 The U.S. tariffs of 15% on tools, apparel items, some footwear and many electronics will be charged on import… [+279 chars]"
7,the-wall-street-journal,The Wall Street Journal,"Bob Tita, Austen Hufford",Truck Makers Apply the Brakes,"Daimler, Navistar and others curb output as trade tensions and slower growth dent freight volumes",https://www.wsj.com/articles/truck-makers-apply-the-brakes-11567330206?mod=hp_lead_pos3,https://images.wsj.net/im-100346/social,2019-09-01T09:30:00Z,"Truck makers are logging sharply lower orders, adding another stress point for a decelerating U.S. manufacturing sector.
The U.S. trucking industry had one of its strongest years ever in 2018, as high demand for freight encouraged transportation companies to… [+274 chars]"
8,the-wall-street-journal,The Wall Street Journal,"Natasha Khan, Preetika Rana, Eun-Young Jeong","Hong Kong Protests Disrupt Airport Access, Snarling Trains and Roads",City’s subway operator suspends rail link as protesters mass near aviation hub,https://www.wsj.com/articles/hong-kong-suspends-airport-train-as-protesters-mass-11567320687?mod=hp_lead_pos7,https://images.wsj.net/im-103184/social,2019-09-01T06:51:00Z,"HONG KONGAntigovernment protests disrupted the citys airport Sunday, with authorities canceling trains, which led to hourslong traffic jams on partially blocked roads that forced some travelers to walk miles with their luggage.
Around 1:30 p.m. authorities s… [+271 chars]"
9,the-wall-street-journal,The Wall Street Journal,Jess Bravin,Ginsburg: Supreme Court Work Keeps Me Going After Latest Bout With Cancer,"‘This audience can see that I am alive,’ justice says during public appearance",https://www.wsj.com/articles/ginsburg-supreme-court-work-keeps-me-going-after-latest-bout-with-cancer-11567282417?mod=hp_lead_pos10,https://images.wsj.net/im-103160/social,2019-08-31T20:13:00Z,"WASHINGTONJustice Ruth Bader Ginsburg sought Saturday to dispel concerns over her health, telling a packed audience at the National Book Festival that she was readying to plunge into the Supreme Court term opening in October.
The 86-year-old justice recently… [+178 chars]"
0,espn,ESPN,,Jets claim kicker Vedvik off waivers from Vikings,"The New York Jets claimed kicker Kaare Vedvik off waivers from the Minnesota Vikings, a source told ESPN's Adam Schefter.",http://espn.go.com/nfl/story/_/id/27515331/jets-claim-kicker-vedvik-waivers-vikings,https://a3.espncdn.com/combiner/i?img=%2Fphoto%2F2019%2F0811%2Fr582509_1296x729_16%2D9.jpg,2019-09-01T16:49:00Z,"The New York Jets claimed kicker Kaare Vedvik off waivers from the Minnesota Vikings on Sunday.
The Jets tried trading for him with Baltimore before the Ravens sent him to the Vikings last month for a fifth-round pick.
On Saturday, the Vikings waived Vedvik… [+1431 chars]"
1,espn,ESPN,Brian WindhorstESPN Senior Writer ,"Walker, Tatum pace Team USA in FIBA victory",Kemba Walker and Jayson Tatum got things going early for Team USA en route to an 88-67 win over the Czech Republic in the FIBA World Cup opener for both clubs.,http://espn.go.com/olympics/basketball/story/_/id/27514365/walker-tatum-pace-team-usa-fiba-victory,https://a.espncdn.com/combiner/i?img=%2Fphoto%2F2019%2F0901%2Fr591998_1296x729_16%2D9.jpg,2019-09-01T14:24:00Z,SHANGHAI -- Kemba Walker and Jayson Tatum are probably going to win a lot of games with the Boston Celtics over the next few years. Sunday they combined to play important roles in the first consequential win together as Team USA opened the FIBA World Cup with… [+2891 chars]
2,espn,ESPN,,Sources: Dealing Dolphins send Alonso to Saints,"The Dolphins continued to trade off veterans by dealing linebacker Kiko Alonso to the Saints, sources told ESPN.",http://espn.go.com/nfl/story/_/id/27514234/sources-dealing-dolphins-send-alonso-saints,https://a1.espncdn.com/combiner/i?img=%2Fphoto%2F2016%2F1128%2Fr156682_1296x729_16%2D9.jpg,2019-09-01T14:09:00Z,"The Miami Dolphins continued to trade off veterans on Sunday, dealing linebacker Kiko Alonso to the New Orleans Saints, a source told ESPN's Adam Schefter.
Miami gets linebacker Vince Biegel in return.
The move comes one day after the Dolphins traded left t… [+622 chars]"
3,espn,ESPN,Mike WellsESPN Staff Writer ,Luck takes out full-page ad to thank Colts fans,Andrew Luck took out a full-page ad in the Indianapolis Star to thank fans.,http://espn.go.com/nfl/story/_/id/27514195/luck-takes-full-page-ad-thank-colts-fans,https://a3.espncdn.com/combiner/i?img=%2Fphoto%2F2019%2F0828%2Fr589919_1296x729_16%2D9.jpg,2019-09-01T13:53:00Z,"INDIANAPOLIS -- Former Colts quarterback Andrew Luck took out a full-page ad in the Indianapolis Star to thank his fans following his retirement on Aug. 24.
""Thank you for an incredible eight years,"" the No. 1 overall pick of the 2012 draft wrote. ""... For h… [+979 chars]"
4,espn,ESPN,Mike ClayESPN Writer ,Clay's 2019 NFL projections and unit grades: The best and worst teams at everything,Who has the best wide receivers? The worst pass-rushers? Who will score the most and fewest points? A look inside the projections.,http://espn.go.com/nfl/insider/story/_/id/27475931/clay-2019-nfl-projections-unit-grades-best-worst-teams-everything,https://a1.espncdn.com/combiner/i?img=%2Fphoto%2F2019%2F0803%2Fr578966_1296x729_16%2D9.jpg,2019-09-01T11:30:00Z,"Week 1 of the 2019 NFL season is just around the corner. What better way to raise (or temper) expectations than with a complete breakdown of predictions and projections?
Below is a guide of what to expect once the season kicks off Thursday -- from power rank… [+1276 chars]"
5,espn,ESPN,,Source: McCoy reuniting with Reid in Kansas City,"Former Bills running back LeSean McCoy is reuniting with Chiefs coach Andy Reid, a source told ESPN's Adam Schefter. McCoy is signing a one-year, $4 million deal, with $3 million guaranteed.",http://espn.go.com/nfl/story/_/id/27511838/source-mccoy-reuniting-reid-kansas-city,https://a2.espncdn.com/combiner/i?img=%2Fphoto%2F2019%2F0831%2Fr591515_2_1296x729_16%2D9.jpg,2019-09-01T04:09:00Z,"Former Buffalo Bills running back LeSean McCoy is reuniting with Kansas City Chiefs coach Andy Reid, a source told ESPN's Adam Schefter.
McCoy and the Chiefs have agreed to a one-year, $4 million deal that includes $3 million guaranteed.
McCoy, who starred … [+1623 chars]"
6,espn,ESPN,,LeBron files to trademark term 'Taco Tuesday',"One of LeBron James' companies has filed an application to trademark the term ""Taco Tuesday.""",http://espn.go.com/nba/story/_/id/27509944/lebron-files-trademark-term-taco-tuesday,https://a1.espncdn.com/combiner/i?img=%2Fphoto%2F2019%2F0724%2Fr574236_1176x661_16%2D9.jpg,2019-08-31T22:34:00Z,"LeBron James wants a little lettuce on his Taco Tuesday.
The Los Angeles Lakers superstar is looking to monetize his popular videos by filing to trademark the term ""Taco Tuesday.""
One of James' companies, LBJ Trademarks, submitted the necessary paperwork wi… [+1262 chars]"
0,bbc-news,BBC News,BBC News,Far right surge in two eastern German states,But the result may disappoint the AfD as the party hoped to win most of the vote in Brandenburg.,http://www.bbc.co.uk/news/world-europe-49544781,https://ichef.bbci.co.uk/news/1024/branded_news/110EB/production/_108576896_f1fd51e2-ea24-4b11-b9a8-8f195e952935.jpg,2019-09-01T17:57:00Z,"Image copyrightAFPImage caption
 The AfD saw gains but did not do as well as some hoped, observers say
Germany's far-right Alternative for Germany (AfD) party has surged in elections in two eastern states, preliminary results show.
Chancellor Angela Merkel… [+1508 chars]"
1,bbc-news,BBC News,BBC News,Hezbollah fires rockets into Israel,Israel has confirmed the rocket attack and responded by hitting targets in southern Lebanon.,http://www.bbc.co.uk/news/world-middle-east-49544819,https://ichef.bbci.co.uk/news/1024/branded_news/11339/production/_108575407_6decc18b-b48b-489b-8a05-2000a3a63399.jpg,2019-09-01T15:17:24Z,"Image copyrightReutersImage caption
 Images have emerged purportedly showing smoke rising above Lebanon's Maroun al-Ras village after Israeli strikes
The Lebanese Shia militant group, Hezbollah, has fired several anti-tank rockets into northern Israel in re… [+890 chars]"
2,bbc-news,BBC News,BBC News,"More than 100 dead in Yemen strike, says Red Cross","Houthi rebels say the strike hit a prison, Saudi Arabia said it targeted a drone and missile base.",http://www.bbc.co.uk/news/world-middle-east-49544559,https://ichef.bbci.co.uk/news/1024/branded_news/EF49/production/_108575216_mediaitem108575215.jpg,2019-09-01T14:09:04Z,"Image copyrightReutersImage caption
 Red Crescent medics next to bags containing the bodies of victims the air strike
More than 100 people have died in Yemen after the Saudi-led coalition launched a series of air strikes on a detention centre, according to … [+1494 chars]"
3,bbc-news,BBC News,BBC News,Hong Kong protesters block airport,"Activists close roads to the airport, disrupting the operation of the major Asian transport hub.",http://www.bbc.co.uk/news/world-asia-china-49544219,https://ichef.bbci.co.uk/news/1024/branded_news/180F3/production/_108574589_71d78bd5-f1b7-4e90-b9bc-428f704415d1.jpg,2019-09-01T13:47:26Z,"Image copyrightGetty ImagesImage caption
 Roads to Hong Kong's airport were blocked and trains suspended
Pro-democracy protesters in Hong Kong have blocked roads to the territory's airport, disrupting the operation of the major Asian transport hub.
Trains … [+2139 chars]"
4,bbc-news,BBC News,BBC News,Spanish police hunt for missing Olympic medallist,Blanca Fernandez Ochoa was last seen driving a black Mercedes in Madrid on 23 August.,http://www.bbc.co.uk/news/world-europe-49541118,https://ichef.bbci.co.uk/news/1024/branded_news/11839/production/_108573717_gettyimages-166205360-594x594.jpg,2019-09-01T13:37:18Z,"Image copyrightGetty ImagesImage caption
 Blanca Fernandez Ochoa, an Olympic bronze medallist, was reported missing on 23 August
Blanca Fernandez Ochoa, the first Spanish woman to win a medal at the Winter Olympics, has been reported missing.
The former al… [+1505 chars]"
5,bbc-news,BBC News,BBC News,"Pope, late for prayer: 'I was trapped in the lift'",Pope Francis says he had to be freed by firefighters after being stuck in a lift for 25 minutes.,http://www.bbc.co.uk/news/world-europe-49543414,https://ichef.bbci.co.uk/news/1024/branded_news/0AB1/production/_108573720_p07m5r2z.jpg,2019-09-01T11:49:21Z,
6,bbc-news,BBC News,BBC News,MPs 'will propose legislation' to stop no deal,"Keir Starmer says the plan is to stop no deal, as Michael Gove refuses to say ministers would abide by it.",http://www.bbc.co.uk/news/uk-politics-49541942,https://ichef.bbci.co.uk/news/1024/branded_news/7357/production/_108572592_keir.jpg,2019-09-01T09:34:17Z,"MPs who want to stop a no-deal Brexit will seek to bring forward legislation against it this week, shadow Brexit secretary Sir Keir Starmer has said.
He said the ""simple plan"" was ""to prevent Boris Johnson from taking us out of the EU without a deal on Octob… [+894 chars]"
7,bbc-news,BBC News,BBC News,Bahamas braces for category four Hurricane Dorian,"The hurricane is forecast to move slowly over the island chain, worsening the damage.",http://www.bbc.co.uk/news/world-latin-america-49541485,https://ichef.bbci.co.uk/news/1024/branded_news/14C87/production/_108572158_mediaitem108572157.jpg,2019-09-01T08:20:26Z,"Image copyrightReutersImage caption
 A deserted yacht marina on Great Abaco island in the Bahamas, in preparation for Hurricane Dorian
The Bahamas is bracing for Hurricane Dorian, which strengthened into a category four storm over the weekend. 
The ""extrem… [+3983 chars]"
8,bbc-news,BBC News,BBC News,German president asks Poland’s forgiveness for WW2,Frank-Walter Steinmeier is attending ceremonies in Poland to mark the outbreak of World War Two.,http://www.bbc.co.uk/news/world-europe-49541111,https://ichef.bbci.co.uk/news/1024/branded_news/0395/production/_108571900_de27-3.jpg,2019-09-01T07:37:46Z,"Image copyrightReutersImage caption
 German President Frank-Walter Steinmeier (L) asked Poland's forgiveness for World War Two
German President Frank-Walter Steinmeier has asked Poland's forgiveness for Nazi ""tyranny"", 80 years on from the start of World Wa… [+3331 chars]"
9,bbc-news,BBC News,BBC News,'Multiple casualties' in Texas mass shooting,"At least one gunman is driving around the western city of Odessa shooting randomly, police say.",http://www.bbc.co.uk/news/world-us-canada-49540160,https://ichef.bbci.co.uk/news/1024/branded_news/7A23/production/_97176213_breaking_news_bigger.png,2019-08-31T22:18:40Z,"A mass random shooting in western Texas has left ""multiple gunshot victims"", local police say.
At least one gunman is driving around the western city of Odessa shooting randomly, they report.
They are said to have hijacked a US Postal Service truck.
This b… [+276 chars]"
